model_name,num_cases,avg_bleu,avg_rouge1,avg_rouge2,avg_rougeL,avg_semantic_similarity,avg_response_time,total_time,overall_score
llama3.2:3b,10,0.008509445183279984,0.17302806449804792,0.029534268754899506,0.10422021506127166,0.45619784742593766,5.13432035446167,51.3432035446167,0.18978963626463374
mistral:7b-instruct,10,0.00937699086966296,0.167556674357975,0.02784537284301449,0.10175033236728086,0.41664537638425825,16.706173491477966,167.06173491477966,0.17652938464281465
