model_name,num_cases,avg_bleu,avg_rouge1,avg_rouge2,avg_rougeL,avg_semantic_similarity,avg_response_time,total_time,overall_score
llama3.2:3b,10,0.008445399277165495,0.17520189314379692,0.032260731872957235,0.11052835266590444,0.4880201518535614,5.747645282745362,57.47645282745361,0.20132018969719553
mistral:7b-instruct,10,0.011886028344958475,0.17296467930029225,0.031422645196196836,0.10918323405466417,0.43767115026712416,15.344810485839844,153.44810485839844,0.18617329623453513
